Timestamp,Source,Title,Pain_Category,Sentiment_Score,URL
2025-12-25T22:41:18.638982,Reddit (r/shopify),Integrating Shipping API with shopify store,API/Dev,3,https://www.reddit.com/r/shopify/comments/1n51dsz/integrating_shipping_api_with_shopify_store/
2025-12-25T22:41:18.639038,Reddit (r/shopify),"USPS Contract, how to integrate APIs?",API/Dev,5,https://www.reddit.com/r/shopify/comments/1lxdqv1/usps_contract_how_to_integrate_apis/
2025-12-25T22:41:18.639055,Reddit (r/shopify),"I own a shopify shop If I let my friend who is a dev make some simple integration with Shopify GraphQL API, can I still use it after 2-3 years?",API/Dev,3,https://www.reddit.com/r/shopify/comments/1n1hcqt/i_own_a_shopify_shop_if_i_let_my_friend_who_is_a/
2025-12-25T22:41:18.639076,Reddit (r/shopify),ERP for Shopify,General,3,https://www.reddit.com/r/shopify/comments/1ijo72p/erp_for_shopify/
2025-12-25T22:41:18.639088,Reddit (r/shopify),Need warehouse/inventory management solution help!,Inventory/Sync,5,https://www.reddit.com/r/shopify/comments/1fsz9uk/need_warehouseinventory_management_solution_help/
2025-12-25T22:41:18.639102,Reddit (r/shopify),Billing API integration,API/Dev,3,https://www.reddit.com/r/shopify/comments/1b4mn7y/billing_api_integration/
2025-12-25T22:41:18.639114,Reddit (r/shopify),3rd Party API Set Up,API/Dev,3,https://www.reddit.com/r/shopify/comments/1ir28or/3rd_party_api_set_up/
2025-12-25T22:41:18.639121,Reddit (r/shopify),REST Admin API deprecation and GraphQL,API/Dev,3,https://www.reddit.com/r/shopify/comments/1g2thxv/rest_admin_api_deprecation_and_graphql/
2025-12-25T22:41:18.639129,Reddit (r/shopify),Best Shopify Shipping App / Integration?,Shipping/Order,3,https://www.reddit.com/r/shopify/comments/1or41oi/best_shopify_shipping_app_integration/
2025-12-25T22:41:18.639137,Reddit (r/shopify),Does integration with Wolt API require Shopify plus,API/Dev,3,https://www.reddit.com/r/shopify/comments/1j37vki/does_integration_with_wolt_api_require_shopify/
2025-12-25T22:41:18.639145,Reddit (r/shopify),REST API Deprecation [repost],API/Dev,3,https://www.reddit.com/r/shopify/comments/1hwp21t/rest_api_deprecation_repost/
2025-12-25T22:41:18.639156,Reddit (r/shopify),Customer Privacy API not working? I keep getting undefined,API/Dev,6,https://www.reddit.com/r/shopify/comments/1ewqew5/customer_privacy_api_not_working_i_keep_getting/
2025-12-25T22:41:18.639179,Reddit (r/shopify),Need advice regarding API and manual CSV. New site,API/Dev,5,https://www.reddit.com/r/shopify/comments/1ohrszd/need_advice_regarding_api_and_manual_csv_new_site/
2025-12-25T22:41:18.639204,Reddit (r/shopify),Anyone with extensive api experience can share some best practises / lessons learned from building catalog integrations?,API/Dev,3,https://www.reddit.com/r/shopify/comments/amog20/anyone_with_extensive_api_experience_can_share/
2025-12-25T22:41:18.639230,Reddit (r/shopify),Help with 3rd Party API Fulfillment Integration Honeysplace,API/Dev,5,https://www.reddit.com/r/shopify/comments/secdd1/help_with_3rd_party_api_fulfillment_integration/
2025-12-25T22:41:18.639254,Reddit (r/shopify),Help required related to Functions Api graphql query complexity limitation.,API/Dev,5,https://www.reddit.com/r/shopify/comments/1lgvj28/help_required_related_to_functions_api_graphql/
2025-12-25T22:41:18.639278,Reddit (r/shopify),How to integrate with an API?,API/Dev,5,https://www.reddit.com/r/shopify/comments/125bdlf/how_to_integrate_with_an_api/
2025-12-25T22:41:18.639300,Reddit (r/shopify),How to integrate APIs onto Shopify website as a function?,API/Dev,5,https://www.reddit.com/r/shopify/comments/1jp0w4j/how_to_integrate_apis_onto_shopify_website_as_a/
2025-12-25T22:41:18.639317,Reddit (r/shopify),Shopify API Integration,API/Dev,3,https://www.reddit.com/r/shopify/comments/qffpmq/shopify_api_integration/
2025-12-25T22:41:18.639330,Reddit (r/shopify),How to integrate third party api to my shopify website?,API/Dev,5,https://www.reddit.com/r/shopify/comments/zm3cv5/how_to_integrate_third_party_api_to_my_shopify/
2025-12-25T22:41:18.639357,Reddit (r/shopify),What are some biggest pain points of Shopify merchants,General,3,https://www.reddit.com/r/shopify/comments/r72sp2/what_are_some_biggest_pain_points_of_shopify/
2025-12-25T22:41:18.639379,Reddit (r/shopify),Shopify API rate limits / difficulty / use cases,API/Dev,3,https://www.reddit.com/r/shopify/comments/17x2dwp/shopify_api_rate_limits_difficulty_use_cases/
2025-12-25T22:41:18.639403,Reddit (r/shopify),Etsy Integrations - Did they really block sharing shipping info API?,API/Dev,3,https://www.reddit.com/r/shopify/comments/1i7d8uh/etsy_integrations_did_they_really_block_sharing/
2025-12-25T22:41:18.639429,Reddit (r/shopify),"Shopify Devs - How much to charge / how long to integrate personalized API data into the frontend (using Hydrogen, maybe)?",API/Dev,3,https://www.reddit.com/r/shopify/comments/1cfl1kh/shopify_devs_how_much_to_charge_how_long_to/
2025-12-25T22:41:18.639466,Reddit (r/shopify),Apple pay with authorize.net,Financial,3,https://www.reddit.com/r/shopify/comments/tkr8th/apple_pay_with_authorizenet/
2025-12-25T22:41:18.639479,Reddit (r/shopify),Seeking Recommendations: Best Shipping Status API,API/Dev,3,https://www.reddit.com/r/shopify/comments/1g8ujgn/seeking_recommendations_best_shipping_status_api/
2025-12-25T22:41:18.639492,Reddit (r/shopify),API to connect partner shop to marketplace,API/Dev,3,https://www.reddit.com/r/shopify/comments/sdw15q/api_to_connect_partner_shop_to_marketplace/
2025-12-25T22:41:18.639507,Reddit (r/shopify),Considering Shopify but with a question about data feeds,General,5,https://www.reddit.com/r/shopify/comments/1kwxojj/considering_shopify_but_with_a_question_about/
2025-12-25T22:41:18.639520,Reddit (r/shopify),Shopify Plus ACH Support,General,3,https://www.reddit.com/r/shopify/comments/1nkbhvl/shopify_plus_ach_support/
2025-12-25T22:41:18.639531,Reddit (r/shopify),Still not possible to search by SKU via API?,Inventory/Sync,3,https://www.reddit.com/r/shopify/comments/691le8/still_not_possible_to_search_by_sku_via_api/
2025-12-25T22:41:18.639551,Reddit (r/shopify),Can Shopify API/app integration handle new product purchases?,API/Dev,3,https://www.reddit.com/r/shopify/comments/165hawt/can_shopify_apiapp_integration_handle_new_product/
2025-12-25T22:41:18.639580,Reddit (r/shopify),Integration template for connecting to Shopify's REST API,API/Dev,3,https://www.reddit.com/r/shopify/comments/sdto6y/integration_template_for_connecting_to_shopifys/
2025-12-25T22:41:18.639606,Reddit (r/shopify),Pre-built connector functions to integrate with the Shopify REST API.,API/Dev,3,https://www.reddit.com/r/shopify/comments/pygcf9/prebuilt_connector_functions_to_integrate_with/
2025-12-25T22:41:18.639632,Reddit (r/shopify),Best ERPs?,General,3,https://www.reddit.com/r/shopify/comments/13thzk1/best_erps/
2025-12-25T22:41:18.639652,Reddit (r/shopify),Has anyone integrated Shopify with East Coast Options via API?,API/Dev,3,https://www.reddit.com/r/shopify/comments/y13ms4/has_anyone_integrated_shopify_with_east_coast/
2025-12-25T22:41:18.639680,Reddit (r/shopify),"520 error resepon, 60s default timeouts and sometimes random 50Xs",General,6,https://www.reddit.com/r/shopify/comments/x0mjv7/520_error_resepon_60s_default_timeouts_and/
2025-12-25T22:41:18.639706,Reddit (r/shopify),[GUIDE] Shopify REST API Integration,API/Dev,3,https://www.reddit.com/r/shopify/comments/mgg148/guide_shopify_rest_api_integration/
2025-12-25T22:41:18.639725,Reddit (r/shopify),How I embedded a React App inside my Shopify Storefront,General,3,https://www.reddit.com/r/shopify/comments/n0b5e8/how_i_embedded_a_react_app_inside_my_shopify/
2025-12-25T22:41:18.639740,Reddit (r/shopify),Question: where to integrate the suppliers public API,API/Dev,5,https://www.reddit.com/r/shopify/comments/njv836/question_where_to_integrate_the_suppliers_public/
2025-12-25T22:41:18.639755,Reddit (r/shopify),"Need help integrating Wave with Shopify, how are you doing it?",General,5,https://www.reddit.com/r/shopify/comments/dd9mac/need_help_integrating_wave_with_shopify_how_are/
2025-12-25T22:41:18.639772,Reddit (r/shopify),With shopify what level of access do you have to the code and database?,General,3,https://www.reddit.com/r/shopify/comments/1h0l4kz/with_shopify_what_level_of_access_do_you_have_to/
2025-12-25T22:41:18.639816,Reddit (r/shopify),App Dev - Rest API Call Help,API/Dev,5,https://www.reddit.com/r/shopify/comments/ia5k40/app_dev_rest_api_call_help/
2025-12-25T22:41:18.640238,Reddit (r/shopify),Cart abandonment - I’m getting fed up.,General,7,https://www.reddit.com/r/shopify/comments/1k96mol/cart_abandonment_im_getting_fed_up/
2025-12-25T22:41:18.640352,Reddit (r/shopify),Has anyone had a bug on their business manager? 10.200$ lost in the last 2 weeks,Financial,10,https://www.reddit.com/r/shopify/comments/pkhpxu/has_anyone_had_a_bug_on_their_business_manager/
2025-12-25T22:41:18.640374,Reddit (r/shopify),Integrating with a custom API out side of Shopify to log in a VIP customer,API/Dev,3,https://www.reddit.com/r/shopify/comments/nivpqv/integrating_with_a_custom_api_out_side_of_shopify/
2025-12-25T22:41:18.640390,Reddit (r/shopify),Building a Node app with Typescript,General,3,https://www.reddit.com/r/shopify/comments/hu3953/building_a_node_app_with_typescript/
2025-12-25T22:41:18.640404,Reddit (r/shopify),Canada Post & Zonos Partnership,General,3,https://www.reddit.com/r/shopify/comments/1my7455/canada_post_zonos_partnership/
2025-12-25T22:41:18.640417,Reddit (r/shopify),Setting up Shipping infrastructure for ecommerce,Shipping/Order,3,https://www.reddit.com/r/shopify/comments/v1xz04/setting_up_shipping_infrastructure_for_ecommerce/
2025-12-25T22:41:18.640431,Reddit (r/shopify),How to fully integrate shopify store into my own website?,API/Dev,5,https://www.reddit.com/r/shopify/comments/i4ca64/how_to_fully_integrate_shopify_store_into_my_own/
2025-12-25T22:41:18.640445,Reddit (r/shopify),Looking for order processing software with Shopify integration.,Shipping/Order,3,https://www.reddit.com/r/shopify/comments/5lz1r9/looking_for_order_processing_software_with/
2025-12-25T22:41:18.640457,Reddit (r/shopify),How do you prevent inventory sync disasters during peak season?,Inventory/Sync,7,https://www.reddit.com/r/shopify/comments/1n9oplg/how_do_you_prevent_inventory_sync_disasters/
2025-12-25T22:41:18.640469,Reddit (r/shopify),"Ayone have success using syncee app, whats your experience, im located in canada isit good for my region",Inventory/Sync,3,https://www.reddit.com/r/shopify/comments/1kr5hl5/ayone_have_success_using_syncee_app_whats_your/
2025-12-25T22:41:18.640483,Reddit (r/shopify),Shopify Cross Platform Help,Inventory/Sync,5,https://www.reddit.com/r/shopify/comments/1lmaee6/shopify_cross_platform_help/
2025-12-25T22:41:18.640502,Reddit (r/shopify),Selling cross platform,Inventory/Sync,3,https://www.reddit.com/r/shopify/comments/1cpa0bs/selling_cross_platform/
2025-12-25T22:41:18.640521,Reddit (r/shopify),Shopify app that can do real-time metafield sync between two shopify stores?,Inventory/Sync,3,https://www.reddit.com/r/shopify/comments/1l8fm3u/shopify_app_that_can_do_realtime_metafield_sync/
2025-12-25T22:41:18.640546,Reddit (r/shopify),Connection Issue Need Advice!,General,8,https://www.reddit.com/r/shopify/comments/1m0wltt/connection_issue_need_advice/
2025-12-25T22:41:18.640566,Reddit (r/shopify),"Platform for B2B Ordering, Faire Sync or Shopify App?",Inventory/Sync,3,https://www.reddit.com/r/shopify/comments/1kijqih/platform_for_b2b_ordering_faire_sync_or_shopify/
2025-12-25T22:41:18.640588,Reddit (r/shopify),Syncing between two Shopify stores (i.e D2C and Wholesale),Inventory/Sync,3,https://www.reddit.com/r/shopify/comments/1jjvrd0/syncing_between_two_shopify_stores_ie_d2c_and/
2025-12-25T22:41:18.640618,Reddit (r/shopify),"Multiple currencies, markets, and google merchant center. Has anyone managed to make them play nicely together?",General,3,https://www.reddit.com/r/shopify/comments/1kea2q3/multiple_currencies_markets_and_google_merchant/
2025-12-25T22:41:18.640646,Reddit (r/shopify),Hubspot vs Klaviyo and connecting metafields,General,3,https://www.reddit.com/r/shopify/comments/1iikjp5/hubspot_vs_klaviyo_and_connecting_metafields/
2025-12-25T22:41:18.640667,Reddit (r/shopify),Problems with AutoSync Shopify/Square app,Inventory/Sync,6,https://www.reddit.com/r/shopify/comments/18d1gad/problems_with_autosync_shopifysquare_app/
2025-12-25T22:41:18.640688,Reddit (r/shopify),SHOPIFY POS Go - Won’t connect,General,3,https://www.reddit.com/r/shopify/comments/17l3erf/shopify_pos_go_wont_connect/
2025-12-25T22:41:18.640701,Reddit (r/shopify),Need an app which could sync products between store and also has price transformation,Inventory/Sync,3,https://www.reddit.com/r/shopify/comments/1ktzkhg/need_an_app_which_could_sync_products_between/
2025-12-25T22:41:18.640714,Reddit (r/shopify),What tools are you using to sync inventory and orders between multiple shops like shopify and etsy or amazon?,Inventory/Sync,3,https://www.reddit.com/r/shopify/comments/lcoqjc/what_tools_are_you_using_to_sync_inventory_and/
2025-12-25T22:41:18.640732,Reddit (r/shopify),Potential Issues with adding a Shopify Collective customer added to B2B company?,General,6,https://www.reddit.com/r/shopify/comments/1j2m03l/potential_issues_with_adding_a_shopify_collective/
2025-12-25T22:41:18.640758,Reddit (r/shopify),Is my store dead?,General,7,https://www.reddit.com/r/shopify/comments/1o8snq3/is_my_store_dead/
2025-12-25T22:41:18.640777,Reddit (r/shopify),Looking for a solution to managing the same products/inventory across multiple stores,Inventory/Sync,3,https://www.reddit.com/r/shopify/comments/1ezhffm/looking_for_a_solution_to_managing_the_same/
2025-12-25T22:41:18.640805,Reddit (r/shopify),Help Integrating Reviews from Multiple Platforms and Displaying Them Prominently,General,5,https://www.reddit.com/r/shopify/comments/1axikvs/help_integrating_reviews_from_multiple_platforms/
2025-12-25T22:41:18.640836,Reddit (r/shopify),Can't connect CNAME on third party domain website,General,3,https://www.reddit.com/r/shopify/comments/1aisyz4/cant_connect_cname_on_third_party_domain_website/
2025-12-25T22:41:18.640854,Reddit (r/shopify),Best way to sync Etsy listings with Shopify?,Inventory/Sync,3,https://www.reddit.com/r/shopify/comments/18gpn8d/best_way_to_sync_etsy_listings_with_shopify/
2025-12-25T22:41:18.640877,Reddit (r/shopify),Is Matrixify not fit for purpose? Migrating BigCommerce with custom fields to Shopify,General,3,https://www.reddit.com/r/shopify/comments/1g18pvs/is_matrixify_not_fit_for_purpose_migrating/
2025-12-25T22:41:18.640897,Reddit (r/shopify),How to get my Shopify to sync,Inventory/Sync,5,https://www.reddit.com/r/shopify/comments/178usmp/how_to_get_my_shopify_to_sync/
2025-12-25T22:41:18.640919,Reddit (r/shopify),What platform will work for me since Shopify Has Failed Me?,General,6,https://www.reddit.com/r/shopify/comments/xkmjij/what_platform_will_work_for_me_since_shopify_has/
2025-12-25T22:41:18.640937,Reddit (r/shopify),Multi-channel SKU syncing,Inventory/Sync,3,https://www.reddit.com/r/shopify/comments/1ffphli/multichannel_sku_syncing/
2025-12-25T22:41:18.640959,Reddit (r/shopify),Shipping rates with third-party apps,Shipping/Order,3,https://www.reddit.com/r/shopify/comments/1hevj2o/shipping_rates_with_thirdparty_apps/
